Episode,Worker,Cumulative Reward,RPS
1,3,-22.47221662852047,-0.19541057937843886
2,3,-43.00262379166561,-0.14334207930555204
3,3,-48.31569581173096,-0.16105231937243653
4,3,-56.18779838347786,-0.18729266127825953
5,3,-67.2284009975031,-0.22409466999167701
6,3,-64.48440293836181,-0.21494800979453937
7,3,-50.496676902654976,-0.16832225634218326
8,3,-33.995821541340476,-0.11331940513780159
9,3,-41.120528299552305,-0.13706842766517435
10,3,-57.57372811846608,-0.1919124270615536
11,3,-50.09139127937241,-0.1669713042645747
12,3,-67.47396535203723,-0.22491321784012408
13,0,-51.01243237867614,-0.1700414412622538
14,1,-57.93793510961352,-0.1931264503653784
15,2,-70.45317209253086,-0.23484390697510288
16,3,-60.77360160082755,-0.2025786720027585
17,0,-69.75923056946884,-0.23253076856489613
18,0,-51.86924179126065,-0.1728974726375355
19,1,-60.84137755028804,-0.20280459183429345
20,2,-40.62056315946472,-0.13540187719821575
21,3,-59.70965360420102,-0.19903217868067008
22,0,-61.65103562490968,-0.20550345208303228
23,1,-56.650686328861,-0.18883562109620333
24,2,-55.41953484871012,-0.18473178282903374
25,3,-69.52164479479273,-0.23173881598264245
26,0,-68.77211370891276,-0.22924037902970917
27,1,-50.80930295015945,-0.16936434316719817
28,2,-67.03654064787146,-0.22345513549290488
29,3,-52.059285710709695,-0.17353095236903232
30,0,-58.69090535815847,-0.19563635119386155
31,1,-48.183814789044966,-0.16061271596348323
32,2,-48.15828701387051,-0.16052762337956838
33,3,-57.635659435344316,-0.19211886478448106
34,0,-77.20283775096529,-0.2573427925032176
35,1,-50.175645591102445,-0.1672521519703415
36,2,-57.83695634503854,-0.19278985448346178
37,3,-48.94241553635459,-0.16314138512118195
38,0,-45.10872013209925,-0.15036240044033083
39,1,-55.687980958285216,-0.18562660319428406
40,2,-50.85112728966119,-0.169503757632204
41,3,-72.37093833146918,-0.24123646110489724
42,0,-73.83806567876356,-0.24612688559587853
43,1,-55.27351315319846,-0.18424504384399487
44,2,-55.54203327807355,-0.18514011092691185
45,3,-70.48917840619035,-0.23496392802063448
46,0,9.860298882452831,9.860298882452831
47,1,-37.92170601806945,-0.12640568672689817
48,2,-67.19404744662238,-0.22398015815540792
49,3,-65.43079572542942,-0.21810265241809806
50,0,-62.72596445841783,-0.20908654819472608
51,1,9.852547691009418,9.852547691009418
52,2,-48.8013270267815,-0.16267109008927166
53,3,-26.68698235826365,-0.10185871129108263
54,0,-69.30358884324818,-0.23101196281082725
55,1,-44.316481990334175,-0.14772160663444725
56,2,-60.00838797811506,-0.2000279599270502
57,3,-51.26177513901175,-0.17087258379670583
58,0,-71.75829094479535,-0.23919430314931783
59,1,-50.695233037773754,-0.16898411012591252
60,2,-50.216367665937035,-0.1673878922197901
61,3,-47.07623578632228,-0.1569207859544076
62,0,-19.790886184395582,-0.1221659641012073
63,1,-9.444923487652122,-0.10047790944310768
64,2,-54.016091045422144,-0.18005363681807382
65,3,-43.9276960630283,-0.14642565354342765
66,0,-66.94971414011717,-0.22316571380039055
67,1,-58.560663497423135,-0.1952022116580771
68,2,-57.633493355932316,-0.1921116445197744
69,3,-45.134676022728016,-0.15044892007576005
70,0,-58.362247360436484,-0.19454082453478827
71,1,-69.58877406251695,-0.23196258020838983
72,2,-53.95488866437672,-0.17984962888125572
73,3,-63.334967380989895,-0.21111655793663298
74,0,-66.04335129305746,-0.22014450431019153
75,1,-54.24663462966833,-0.18082211543222776
76,2,-55.84962772163233,-0.18616542573877443
77,3,-17.54851628750261,-0.17374768601487733
78,0,-52.025323921705514,-0.17341774640568505
79,1,-54.459550041906994,-0.18153183347302332
80,2,-47.32653877638475,-0.15775512925461585
81,3,-47.19763091487516,-0.1573254363829172
82,0,-52.18979466245333,-0.17396598220817777
83,1,9.846987568984884,9.846987568984884
84,2,9.84952798678402,9.84952798678402
85,3,-59.172291607421606,-0.1972409720247387
86,0,-48.07478508727991,-0.16024928362426638
87,1,-67.03315367658058,-0.22344384558860195
88,2,-40.976197560731556,-0.13658732520243852
89,3,-54.42455321512926,-0.1814151773837642
90,0,-42.487260470875405,-0.1416242015695847
91,1,-53.76615714262309,-0.17922052380874365
92,2,-59.51108559469599,-0.19837028531565332
93,3,-63.913137625166065,-0.21304379208388688
94,0,-59.02542113881518,-0.1967514037960506
95,1,-29.336774736813137,-0.18221599215411885
96,2,-52.60623541865861,-0.1753541180621954
97,3,-47.78626640453595,-0.15928755468178651
98,0,-48.17808719218952,-0.16059362397396507
99,1,-62.8184798112507,-0.20939493270416898
100,2,-51.42356820792338,-0.17141189402641127
101,3,-64.62010182779642,-0.21540033942598805
102,0,-61.508071772906554,-0.2050269059096885
103,1,-44.386560155496454,-0.1479552005183215
104,2,-58.96327495803231,-0.19654424986010768
105,3,-62.45211460625062,-0.20817371535416873
106,0,-51.42131087505633,-0.1714043695835211
107,1,-5.651343396107826,-0.049573187685156374
108,2,-56.05019135772732,-0.1868339711924244
109,3,-61.327075400171026,-0.20442358466723676
110,0,-65.88549345083732,-0.21961831150279104
111,1,-67.84086415647012,-0.2261362138549004
112,2,-46.45523103159548,-0.15485077010531828
113,3,9.87776255846564,9.87776255846564
114,0,-69.82058609195687,-0.23273528697318957
115,1,-39.669516670213305,-0.13223172223404436
116,2,-50.25823237080138,-0.1675274412360046
117,3,-59.08227772058148,-0.1969409257352716
118,0,-48.49458471715827,-0.16164861572386088
119,1,-40.5838329942306,-0.135279443314102
120,2,-53.882436654175045,-0.17960812218058347
121,3,-52.682982845170216,-0.17560994281723405
122,0,-41.902420783318426,-0.13967473594439475
123,1,-59.141581453059544,-0.19713860484353182
124,2,-56.35772320633231,-0.18785907735444105
125,3,-67.88425738446105,-0.22628085794820352
126,0,-54.372967269946336,-0.18124322423315445
127,1,-4.786993650167885,-0.030490405415082068
128,2,9.866641714433161,9.866641714433161
129,3,-68.6648038523637,-0.22888267950787902
130,0,-56.021353634997155,-0.1867378454499905
131,1,-46.71257250379305,-0.15570857501264349
132,2,-59.98972637486926,-0.19996575458289753
133,3,-53.541917991079856,-0.1784730599702662
134,0,-43.895170002548966,-0.1463172333418299
135,1,-52.21145838811767,-0.1740381946270589
136,2,-52.56637512743775,-0.1752212504247925
137,3,-55.3711641334869,-0.184570547111623
138,0,-67.58730276502523,-0.22529100921675077
139,1,-57.41731030303657,-0.19139103434345525
140,2,-70.99824073142163,-0.2366608024380721
141,3,-69.01251276740757,-0.23004170922469191
142,0,-46.81051770698844,-0.15603505902329481
143,1,-62.323376878125316,-0.20774458959375106
144,2,-64.89080026764196,-0.21630266755880656
145,3,-62.16079886700514,-0.20720266289001713
146,0,-65.34907993114734,-0.2178302664371578
147,1,-17.63438954622398,-0.19813920838453908
148,2,-53.0109850314565,-0.17670328343818834
149,3,-61.92589804780049,-0.20641966015933497
150,0,-49.954985546505554,-0.16651661848835184
151,1,-60.988050863079955,-0.20329350287693318
152,2,-64.01197651994707,-0.21337325506649024
153,3,-44.9958457230398,-0.14998615241013266
154,0,-62.29156171130554,-0.20763853903768514
155,1,-66.1016981604189,-0.22033899386806302
156,2,-72.068589569511,-0.24022863189837002
157,3,-53.970899080298906,-0.17990299693432968
158,0,-64.6043139797671,-0.21534771326589033
159,1,-47.360352241549855,-0.17284800088156882
160,2,-41.504049956227966,-0.13834683318742655
161,3,-68.75467141433839,-0.22918223804779464
162,0,9.883577338841135,9.883577338841135
163,1,9.850577494333416,9.850577494333416
164,2,-74.0003469749209,-0.24666782324973635
165,3,-74.50872959291677,-0.24836243197638921
166,0,-63.723339843160126,-0.21241113281053375
167,1,-9.217396466810746,-0.1589206287381163
168,2,-48.53501470268835,-0.1617833823422945
169,3,9.839355997991706,9.839355997991706
170,0,-61.224938853923575,-0.20408312951307858
171,1,10.112646947540892,3.370882315846964
172,2,-63.918278761328004,-0.21306092920442668
173,3,-68.93558673842327,-0.22978528912807755
174,0,-53.55281389295545,-0.17850937964318483
175,1,-68.02413632920724,-0.22674712109735745
176,2,-55.113766393486976,-0.1837125546449566
177,3,-58.08423492431688,-0.1936141164143896
178,0,-59.318474582617135,-0.1977282486087238
179,1,-72.0471796785456,-0.24015726559515202
180,2,-58.618523659370965,-0.1953950788645699
181,3,-49.72256161906757,-0.16574187206355856
182,0,-48.50272296351642,-0.1616757432117214
183,1,-57.91929261455057,-0.19306430871516858
184,2,-22.05212507827331,-0.17363878014388434
185,3,-51.09422502319175,-0.17031408341063917
186,0,-50.02278009327396,-0.1667426003109132
187,1,-47.80348774925854,-0.1593449591641951
188,2,-69.70826121717819,-0.2323608707239273
189,3,-51.07015078784046,-0.1702338359594682
190,0,-64.57900539259761,-0.2152633513086587
191,1,-49.02059141107271,-0.16340197137024237
192,2,-65.64530250651433,-0.21881767502171443
193,3,-43.797447277016616,-0.14599149092338873
194,0,-62.02857120400191,-0.20676190401333971
195,1,-73.8383879182097,-0.24612795972736567
196,2,-63.80576086308063,-0.2126858695436021
197,3,-54.08273517222098,-0.18027578390740326
198,0,-60.45697054895368,-0.20152323516317894
199,1,-62.604049214846306,-0.2086801640494877
200,2,-46.19980131528257,-0.15399933771760857
201,3,-68.95706486653403,-0.22985688288844675
202,0,-46.65577161444644,-0.15551923871482146
203,1,-12.901425818207782,-0.0573396703031457
204,2,-33.57598712265817,-0.22997251453875459
205,3,-57.60340073690293,-0.1920113357896764
206,0,-53.0298059804501,-0.17676601993483365
207,1,-63.479173036194375,-0.21159724345398126
208,2,9.86459349596611,9.86459349596611
209,3,-27.466409350963183,-0.1006095580621362
210,0,-59.56898214381933,-0.19856327381273112
211,1,-64.49677741506152,-0.21498925805020505
212,2,-57.81571178250943,-0.19271903927503145
213,3,-48.6830472831815,-0.16227682427727166
214,0,-65.00193108793016,-0.21667310362643386
215,1,-58.972122410948366,-0.1965737413698279
216,2,-61.43319368817614,-0.20477731229392046
217,3,-71.20053338055415,-0.23733511126851384
218,0,-70.44536089230834,-0.2348178696410278
219,1,-46.453723324513504,-0.154845744415045
220,2,9.855447975206188,9.855447975206188
221,3,-47.44331116016659,-0.15814437053388863
222,0,-19.85295844299528,-0.1240809902687205
223,1,-56.1155645248339,-0.18705188174944634
224,2,-52.00180707707782,-0.17333935692359273
225,3,-45.50789501518683,-0.15169298338395612
226,0,-44.99464181375693,-0.14998213937918975
227,1,-48.54344797748995,-0.16181149325829983
228,2,-55.487211438468314,-0.18495737146156105
229,3,-55.343144069482555,-0.18447714689827518
230,0,-53.84965262746336,-0.1794988420915445
231,1,-40.7190608605805,-0.13573020286860166
232,2,-63.249223499538495,-0.21083074499846166
233,3,-68.14246933963726,-0.22714156446545752
234,0,-44.40350840179093,-0.14801169467263645
235,1,-68.42210692784504,-0.22807368975948344
236,2,-51.426293522036744,-0.17142097840678916
237,3,-66.07885838539596,-0.2202628612846532
238,0,-82.37640813694762,-0.2745880271231587
239,1,-43.37904465590749,-0.14459681551969164
240,2,-54.64383068935485,-0.1821461022978495
241,3,-57.01314749219867,-0.19004382497399555
242,0,-53.556517123658935,-0.17852172374552977
243,1,-52.65539913537731,-0.17551799711792437
244,2,-85.11196288147354,-0.28370654293824515
245,3,-49.885733421184966,-0.16628577807061656
246,0,-46.44214683929645,-0.15480715613098817
247,1,-79.13331484789263,-0.26377771615964213
248,2,-49.32757373983757,-0.16442524579945855
249,3,-57.46849143080681,-0.19156163810268936
250,0,-55.39509392992289,-0.18465031309974297
251,1,-15.422293804024171,-0.19521890891169838
252,2,-64.32618176672672,-0.21442060588908907
253,3,-50.07590668197311,-0.16691968893991035
254,0,-58.51704110204491,-0.19505680367348302
255,1,-6.023879598239091,-0.051486150412299925
256,2,-50.45809149451466,-0.16819363831504888
257,3,-66.92536226094423,-0.22308454086981408
258,0,-48.49619113455556,-0.16165397044851854
259,1,-61.89810720219849,-0.2063270240073283
260,2,-67.39132759024032,-0.2246377586341344
261,3,-61.287698039041636,-0.20429232679680545
262,0,-70.47014479995522,-0.23490048266651742
263,1,-65.02397231246351,-0.21674657437487838
264,2,-66.2215041817998,-0.220738347272666
265,3,9.886048594693845,9.886048594693845
266,0,-44.962886341995386,-0.1498762878066513
267,1,-71.8370877589788,-0.239456959196596
268,2,-61.19154686657729,-0.20397182288859098
269,3,-48.21640712822088,-0.1607213570940696
270,0,-63.39762653565147,-0.2113254217855049
271,1,-53.4210954736755,-0.178070318245585
272,2,-60.788803556048485,-0.2026293451868283
273,3,-47.32741640837828,-0.15775805469459425
274,0,-37.63713026324643,-0.1254571008774881
275,1,-57.84587993932314,-0.1928195997977438
276,2,9.848895080403654,9.848895080403654
277,3,-64.8005321630391,-0.21600177387679698
278,0,-59.99140251487445,-0.19997134171624817
279,1,-54.60804585199616,-0.18202681950665386
280,2,-64.898200469525,-0.21632733489841666
281,3,-71.0782962080626,-0.23692765402687532
282,0,-50.9493867852968,-0.16983128928432267
283,1,-62.43243755467531,-0.20810812518225102
284,2,-78.81812706425463,-0.26272709021418206
285,3,-50.84932962008679,-0.1694977654002893
286,0,-54.103280950451456,-0.1803442698348382
287,1,-58.6003337759328,-0.195334445919776
288,2,-57.416352674873345,-0.1913878422495778
289,3,-65.62696344592422,-0.2187565448197474
290,0,-61.578574528603546,-0.20526191509534517
291,1,-72.61217566249562,-0.24204058554165206
292,2,-52.69734157792326,-0.1756578052597442
293,3,-44.18317152176094,-0.1472772384058698
294,0,-61.17447153058875,-0.2039149051019625
295,1,-49.13363265374726,-0.16377877551249087
296,2,-49.975489656068355,-0.16658496552022786
297,3,-54.625318738872096,-0.18208439579624033
298,0,-54.05379120724113,-0.18017930402413712
299,1,-52.53187743973856,-0.17510625813246186
300,2,-63.357905866185746,-0.21119301955395248
301,3,-48.434811086196056,-0.16144937028732018
302,0,-50.25645472219442,-0.16752151574064805
303,1,-55.896652360247884,-0.1863221745341596
304,2,-57.30875876915487,-0.1910291958971829
305,3,-57.053620553811946,-0.19017873517937314
306,0,-52.36294471641685,-0.17454314905472282
307,1,-61.52989881873894,-0.2050996627291298
308,2,-74.15877232563537,-0.2471959077521179
309,3,9.875096511688282,9.875096511688282
310,0,-69.5335511057237,-0.23177850368574568
311,1,-70.11852917951249,-0.23372843059837498
312,2,-39.36381986413134,-0.13121273288043778
313,3,-62.03923927880876,-0.20679746426269585
314,0,-57.67217992391192,-0.19224059974637306
315,1,-14.54579291181376,-0.12326943145604881
316,2,-59.47927016714327,-0.19826423389047756
317,3,-61.87901904423653,-0.20626339681412176
318,0,-35.141877861330784,-0.11713959287110261
319,1,-66.3029711046175,-0.22100990368205833
320,2,-55.184407731564896,-0.183948025771883
321,3,-73.53270011779375,-0.24510900039264583
322,0,-49.4344095333716,-0.16478136511123867
323,1,-61.70064776237714,-0.20566882587459046
324,2,-61.509987537930535,-0.20503329179310179
325,3,-46.58502895817868,-0.1552834298605956
326,0,-44.98417152419857,-0.14994723841399524
327,1,-59.22960111843819,-0.1974320037281273
328,2,-61.659337331833036,-0.20553112443944346
329,3,-53.35260967916348,-0.17784203226387826
330,0,-71.60958206433277,-0.23869860688110922
331,1,-64.40017125313243,-0.21466723751044142
332,2,-53.51194754140327,-0.17837315847134425
333,3,-74.00251090843732,-0.2466750363614577
334,0,-62.1913312871006,-0.20730443762366868
335,1,9.864963561731866,9.864963561731866
336,2,-43.47047585906924,-0.14490158619689747
337,3,-45.39699353058316,-0.15132331176861052
338,0,9.840607516319473,9.840607516319473
339,1,-47.01551819761128,-0.1567183939920376
340,2,-59.12683619343319,-0.19708945397811065
341,3,-75.97006716341981,-0.2532335572113994
342,0,-66.94067113681447,-0.22313557045604823
343,1,-59.51584221160189,-0.19838614070533964
344,2,-69.20347212880104,-0.2306782404293368
345,3,-48.40197989766547,-0.16133993299221824
346,0,9.867798080361661,9.867798080361661
347,1,-65.43644421121044,-0.2181214807040348
348,2,-48.23711502429055,-0.16079038341430185
349,3,-63.20337723395236,-0.21067792411317454
350,0,-70.64706151744669,-0.23549020505815563
351,1,-83.77209946929563,-0.27924033156431877
352,2,-48.87086793538838,-0.16290289311796127
353,3,-22.456394865211973,-0.18870920054799978
354,0,-68.05775120481992,-0.22685917068273306
355,1,-51.79743081329423,-0.17265810271098075
356,2,-49.185597380454574,-0.1639519912681819
357,3,-60.94253009370057,-0.2031417669790019
358,0,-48.04012376015111,-0.16013374586717036
359,1,-57.0484845355594,-0.19016161511853136
360,2,-43.16289464779164,-0.1438763154926388
361,3,-71.06177423488242,-0.2368725807829414
362,0,-53.597678125597454,-0.17865892708532485
363,1,-58.894346742105725,-0.1963144891403524
364,2,-65.14991737350125,-0.21716639124500417
365,3,-48.09764372835375,-0.1603254790945125
366,0,-44.4942490242356,-0.14831416341411865
367,1,-53.0366683263348,-0.176788894421116
368,2,9.885608753843556,9.885608753843556
369,3,-75.48427143571405,-0.2516142381190468
370,0,-61.84342167139888,-0.20614473890466292
371,1,-84.71579528105475,-0.2823859842701825
372,2,9.885688203217509,9.885688203217509
373,3,-52.83499964550531,-0.1761166654850177
374,0,-66.43511455073676,-0.2214503818357892
375,1,9.868582087995204,9.868582087995204
376,2,-17.488131085270673,-0.08922515859831977
377,3,-61.88119911816094,-0.20627066372720315
378,0,-47.147744818200515,-0.15715914939400172
379,1,-67.17874700588072,-0.2239291566862691
380,2,-57.94918057465925,-0.19316393524886416
381,3,-66.48002716275772,-0.22160009054252575
382,0,-50.69483610024897,-0.16898278700082991
383,1,-69.01792970060326,-0.23005976566867753
384,2,-52.34110162795281,-0.1744703387598427
385,3,-60.18567644352865,-0.20061892147842883
386,0,-73.62564556825093,-0.24541881856083644
387,1,9.880801394254977,9.880801394254977
388,2,9.86645302009804,9.86645302009804
389,3,-59.66094378228278,-0.19886981260760928
390,0,-63.26057812623687,-0.2108685937541229
391,1,-55.956015356572024,-0.18652005118857343
392,2,-56.554226406341314,-0.18851408802113773
393,3,-50.17098831430564,-0.16723662771435213
394,0,-70.45459892866673,-0.23484866309555574
395,1,-52.730548704303295,-0.175768495681011
396,2,-54.37918456897101,-0.18126394856323672
397,3,-42.246089163780496,-0.14082029721260164
398,0,-66.62016825818444,-0.22206722752728145
399,1,9.310565728574247,0.2821383554113408
400,2,-65.73083029031005,-0.21910276763436684
401,3,-60.22318660340804,-0.20074395534469347
402,0,-68.58569051536769,-0.22861896838455895
403,1,9.851941757802747,9.851941757802747
404,2,-74.43936925389328,-0.24813123084631092
405,3,-42.52924870326119,-0.14176416234420397
406,0,-56.82450369034811,-0.18941501230116037
407,1,-54.85174897780196,-0.18283916325933988
408,2,-58.98233864062495,-0.19660779546874985
409,3,-72.07450100221803,-0.2402483366740601
410,0,-39.714032188443554,-0.13238010729481184
411,1,10.090457781409985,0.21021787044604134
412,2,-61.55272973969436,-0.2051757657989812
413,3,-60.161120385209614,-0.2005370679506987
414,0,-49.321353077614596,-0.16440451025871533
415,1,-59.587174222464945,-0.19862391407488314
416,2,-46.92240817204372,-0.15640802724014571
417,3,-28.316337189169122,-0.10932948721686919
418,0,-51.344662548576835,-0.1711488751619228
419,1,-75.56880081636656,-0.25189600272122187
420,2,-52.545952192372056,-0.2667307217886906
421,3,-43.021006619705595,-0.14340335539901866
422,0,-25.424212156794884,-0.1717852172756411
423,1,9.861228497257413,9.861228497257413
424,2,-56.74031514800305,-0.18913438382667683
425,3,-48.97307930617506,-0.1632435976872502
426,0,-58.19723653877044,-0.19399078846256812
427,1,-60.53264205290391,-0.2017754735096797
428,2,-65.41596933564844,-0.21805323111882813
429,3,-58.32244985572636,-0.19440816618575454
430,0,-70.66427651744648,-0.23554758839148826
431,1,-42.17473165218512,-0.14058243884061708
432,2,-57.90172277789992,-0.19300574259299974
433,3,-50.37975745009902,-0.16793252483366342
434,0,-47.90825146606775,-0.15969417155355917
435,1,-57.7353927990804,-0.192451309330268
436,2,-53.5962219901822,-0.17865407330060734
437,3,-55.47897694716719,-0.18492992315722398
438,0,-56.89624274618387,-0.18965414248727958
439,1,-52.9283818508128,-0.17642793950270932
440,2,9.860921529925088,9.860921529925088
441,3,-54.80885698125412,-0.18269618993751371
442,0,-64.69504934959501,-0.21565016449865004
443,1,9.86934490920329,9.86934490920329
444,2,-43.48187461458767,-0.14493958204862556
445,3,9.86089884162997,9.86089884162997
446,0,-52.933513991840556,-0.17644504663946853
447,1,-49.57264617660472,-0.16524215392201574
448,2,-51.406023798543636,-0.17135341266181212
449,3,-50.630326883031294,-0.16876775627677099
450,0,-55.43309560338505,-0.18477698534461684
451,1,-53.17730620181735,-0.17725768733939118
452,2,-27.222440162462476,-0.19036671442281453
453,3,-49.90950529199435,-0.16636501763998116
454,0,-73.08949679556103,-0.24363165598520345
455,1,-73.74882783666996,-0.2458294261222332
456,2,-47.285366187516814,-0.1576178872917227
457,3,-53.483808754668175,-0.1782793625155606
458,0,-29.632416046540516,-0.21015897905347883
459,1,9.843091542947203,9.843091542947203
460,2,-41.82492030887576,-0.13941640102958586
461,3,-24.397246960794476,-0.15248279350496546
462,0,-50.34824748499401,-0.1678274916166467
463,1,-63.876233694627736,-0.21292077898209244
464,2,-51.14495578985331,-0.1704831859661777
465,3,-45.80744652938429,-0.15269148843128097
466,0,-49.722252883652196,-0.1657408429455073
467,1,-52.93378441657827,-0.1764459480552609
468,2,9.883279703801113,9.883279703801113
469,3,-55.76313795532597,-0.18587712651775323
470,0,-66.31358441980467,-0.2210452813993489
471,1,-47.40605552165333,-0.15802018507217777
472,2,-61.979862675068524,-0.20659954225022842
473,3,-56.21984959455252,-0.1873994986485084
474,0,-33.44751630631914,-0.12527159665288065
475,1,-56.73950215653939,-0.1891316738551313
476,2,-71.46996030670664,-0.23823320102235546
477,3,-68.17885830022114,-0.22726286100073712
478,0,-46.68328830204367,-0.15561096100681224
479,1,-68.8966350953884,-0.22965545031796133
480,2,-68.47601297994223,-0.2282533765998074
481,3,-85.2833123909474,-0.28427770796982466
482,0,-44.70816502533917,-0.14902721675113056
483,1,-33.576367714210804,-0.11192122571403601
484,2,-48.08400605629412,-0.16028002018764706
485,3,-52.00687667324962,-0.17335625557749873
486,0,-42.02617294224161,-0.14008724314080537
487,1,-12.295068801156274,-0.0740666795250378
488,2,-67.43531632735463,-0.22478438775784876
489,3,-63.98336074262206,-0.21327786914207353
490,0,-50.75595182868005,-0.16918650609560015
491,1,-67.79832416342262,-0.2259944138780754
492,2,-49.89320387825124,-0.1663106795941708
493,3,9.879237961775022,9.879237961775022
494,0,-51.43315520613824,-0.17144385068712745
495,1,-71.17408097590776,-0.23724693658635918
496,2,-56.52006969133354,-0.18840023230444514
497,3,-52.23436501998239,-0.17411455006660798
498,0,-56.162956771484836,-0.18720985590494946
499,1,-42.21638321063948,-0.19635527074716036
500,2,-63.274256438921626,-0.21091418812973875
501,3,-66.78869754473433,-0.2226289918157811
502,0,-47.644052324521624,-0.1588135077484054
503,1,-44.19917998946626,-0.14733059996488754
504,2,-78.16189102970779,-0.26053963676569264
505,3,-59.56919407012467,-0.19856398023374888
506,0,9.873169811322539,9.873169811322539
507,1,-74.13882346504914,-0.2471294115501638
508,2,-73.69615938353814,-0.2456538646117938
509,3,-60.24885477964793,-0.20082951593215975
510,0,-40.51651237054532,-0.13505504123515108
511,1,-54.619407044202894,-0.18206469014734297
512,2,-51.65851809518764,-0.17219506031729212
513,3,-51.27459011639754,-0.1709153003879918
514,0,-38.81571093310362,-0.1293857031103454
515,1,-50.23533923077394,-0.16745113076924645
516,2,-53.938359255701826,-0.17979453085233943
517,3,-56.62765543119565,-0.18875885143731883
518,0,-61.471708026614216,-0.2049056934220474
519,1,-59.79125884439183,-0.19930419614797276
520,2,-51.50971298772411,-0.1716990432924137
521,3,-48.18234535690396,-0.21040325483364175
522,0,9.863252285711726,9.863252285711726
523,1,-28.23351468305873,-0.11248412224326187
524,2,-63.23020268540512,-0.21076734228468372
525,3,-60.92813713437656,-0.20309379044792186
526,0,-50.59141139763712,-0.16863803799212373
527,1,-54.97023443024661,-0.18323411476748871
528,2,-48.1081482172166,-0.16036049405738867
529,3,-64.46108230896489,-0.2148702743632163
530,0,-47.20668757759815,-0.1573556252586605
531,1,-51.8099857374107,-0.17269995245803565
532,2,9.861956201134115,9.861956201134115
533,3,-58.03331465626175,-0.19344438218753918
534,0,-60.09048081676556,-0.20030160272255187
535,1,-64.95127468307204,-0.21650424894357348
536,2,-65.10918240396539,-0.21703060801321797
537,3,-56.93023350090374,-0.18976744500301246
538,0,9.857199876952405,9.857199876952405
539,1,-56.0610364913444,-0.1868701216378147
540,2,-47.48402406151959,-0.15828008020506532
541,3,-65.14705350552933,-0.2171568450184311
542,0,-48.75172097947077,-0.1625057365982359
543,1,-52.96154996166914,-0.17653849987223047
544,2,-60.76529925352998,-0.2025509975117666
545,3,-68.08347769497296,-0.22694492564990984
546,0,1.0585897870730907,0.01202942939855785
547,1,-44.412532264065185,-0.1480417742135506
548,2,-45.32319607677512,-0.15107732025591705
549,3,-68.70692991033759,-0.2290230997011253
550,0,-62.71180632355745,-0.20903935441185817
551,1,-60.81371758580692,-0.20271239195268972
552,2,-55.25674743122384,-0.1841891581040795
553,3,-43.342848078271906,-0.14447616026090634
554,0,-59.659207177557114,-0.19886402392519037
555,1,-54.36381546273586,-0.18121271820911952
556,2,5.578822986051482,0.06487003472152886
557,3,-48.16340783706031,-0.16054469279020103
558,0,-65.76791218998204,-0.2192263739666068
559,1,-71.53462626014789,-0.23844875420049297
560,2,-73.33075659429008,-0.24443585531430026
561,3,-49.88639959265174,-0.16628799864217247
562,0,9.855174139849563,9.855174139849563
563,1,-45.313656425559934,-0.1510455214185331
564,2,-46.324373289699004,-0.15441457763233002
565,3,-45.23029792031852,-0.15076765973439507
566,0,-53.865725042197184,-0.17955241680732395
567,1,-51.29605183874702,-0.17098683946249008
568,2,9.839653947844223,9.839653947844223
569,3,-70.79140970984298,-0.2359713656994766
570,0,-51.6130515787389,-0.17204350526246298
571,1,-66.73132072966241,-0.22243773576554138
572,2,-66.17669387111215,-0.22058897957037382
573,3,-46.13558320763386,-0.15378527735877953
574,0,-40.86055007463762,-0.1362018335821254
575,1,-49.32168722376152,-0.1644056240792051
576,2,9.87437172106347,9.87437172106347
577,3,-62.684334511919936,-0.2089477817063998
578,0,-59.652382656970765,-0.19884127552323588
579,1,-44.123535904628014,-0.1470784530154267
580,2,-59.10616002649699,-0.19702053342165662
581,3,-60.06324750664309,-0.20021082502214363
582,0,-59.86915935472829,-0.19956386451576097
583,1,-54.022315956754575,-0.18007438652251526
584,2,-40.234411605002464,-0.13411470535000822
585,3,-30.150579143551948,-0.10220535302898966
586,0,-69.96511929872463,-0.2332170643290821
587,1,-47.500619356104764,-0.15833539785368256
588,2,-53.722677599351826,-0.17907559199783943
589,3,-46.90706844337768,-0.15635689481125895
590,0,9.852701901470056,9.852701901470056
591,1,-63.069492713361555,-0.21023164237787184
592,2,-3.6831962446189994,-0.03202779343146956
593,3,-61.003909822677294,-0.20334636607559098
594,0,-58.56095607029174,-0.19520318690097246
595,1,-53.76735209209205,-0.17922450697364015
596,2,-4.5829333942598804,-0.03055288929506587
597,3,-57.320399350085395,-0.191067997833618
598,0,-52.58634180241817,-0.17528780600806057
599,1,-62.393973494275656,-0.20797991164758553
600,2,-15.605798343585136,-0.19754175118462197
601,3,-49.758848187970976,-0.1658628272932366
602,0,-58.487266509790864,-0.1949575550326362
603,1,-49.27514740626955,-0.1642504913542318
604,2,-45.64979371684869,-0.1521659790561623
605,3,-38.75326707748707,-0.1291775569249569
606,0,-47.73376628569501,-0.15911255428565005
607,1,-47.506428606323055,-0.15835476202107684
608,2,-44.44277449656431,-0.14814258165521438
609,3,9.856694421009333,9.856694421009333
610,0,-66.38664347713808,-0.22128881159046027
611,1,-35.58198557350758,-0.11860661857835861
612,2,-64.93034301330609,-0.21643447671102028
613,3,-64.15033287321262,-0.21383444291070874
614,0,-54.59864771925792,-0.1819954923975264
615,1,-42.98902862867773,-0.14329676209559244
616,2,-53.31592968786329,-0.17771976562621097
617,3,-49.7564309750502,-0.165854769916834
618,0,-50.07816839057813,-0.16692722796859377
619,1,-49.38316940970193,-0.16461056469900642
620,2,-52.42113924194797,-0.17473713080649322
621,3,-45.359713728603936,-0.15119904576201312
622,0,-62.717826599722464,-0.20905942199907487
623,1,-51.66759360579026,-0.17222531201930086
624,2,-45.703026259370034,-0.1523434208645668
625,3,-43.24909865398531,-0.14416366217995102
626,0,-54.946413818039765,-0.18315471272679923
627,1,-47.57155622553743,-0.15857185408512475
628,2,-55.25949537343582,-0.18419831791145272
629,3,-64.33854618454978,-0.21446182061516594
630,0,-41.32244230419172,-0.13774147434730571
631,1,-32.42898707898816,-0.10882210429190657
632,2,-58.76860951156084,-0.19589536503853613
633,3,7.778713185524082,0.22224894815783092
634,0,-46.61861913146261,-0.15539539710487535
635,1,-49.25204970107491,-0.16417349900358302
636,2,-59.53663339624733,-0.19845544465415776
637,3,-62.090820721017465,-0.20696940240339154
638,0,-8.378288196116918,-0.05171782837109209
639,1,-54.73132883972289,-0.1824377627990763
640,2,-46.40575773804273,-0.1546858591268091
641,3,-49.09004775540023,-0.16363349251800077
642,0,-59.04253401069726,-0.1968084467023242
643,1,9.86054711044437,9.86054711044437
644,2,-56.55689152486619,-0.18852297174955396
645,3,-52.90011928785762,-0.1763337309595254
646,0,-51.89629347605114,-0.17298764492017046
647,1,-47.619368744861475,-0.15873122914953824
648,2,-36.64524350032923,-0.12215081166776409
649,3,-47.05705448941594,-0.15685684829805313
650,0,-49.48093239293544,-0.1649364413097848
651,1,-60.45548742669274,-0.20151829142230915
652,2,-43.393547505383815,-0.1446451583512794
653,3,-49.15550306314862,-0.16385167687716207
654,0,-68.22414073664011,-0.22741380245546702
655,1,-65.45634898188098,-0.21818782993960326
656,2,-54.233068588764404,-0.18077689529588134
657,3,-55.83746655852854,-0.18612488852842846
658,0,-57.91475292870504,-0.1930491764290168
659,1,-54.98264496288356,-0.18327548320961187
660,2,-44.99278805373106,-0.14997596017910353
661,3,-58.778336400379764,-0.19592778800126587
662,0,-44.05890148689296,-0.14686300495630986
663,1,-58.39723149654009,-0.1946574383218003
664,2,-47.483740125119574,-0.1582791337503986
665,3,-44.891046207828516,-0.1496368206927617
666,0,-66.2143426756151,-0.22071447558538368
667,1,-51.03195949369941,-0.1701065316456647
668,2,-61.054508938248915,-0.20351502979416305
669,3,-41.60638802218572,-0.1386879600739524
670,0,-60.04549079713284,-0.2001516359904428
671,1,-82.70444556184172,-0.27568148520613905
672,2,-61.01560160897761,-0.20338533869659203
673,3,-47.44905663495049,-0.15816352211650161
674,0,-48.16869108617458,-0.16056230362058194
675,1,-75.28535544949331,-0.25095118483164436
676,2,-73.3832832653789,-0.2446109442179297
677,3,-42.75057198896136,-0.1484394860727825
678,0,-49.632809277597005,-0.16544269759199
679,1,-68.22616230004496,-0.22742054100014988
680,2,-59.20168988026321,-0.19733896626754402
681,3,-48.8423899302905,-0.16280796643430168
682,0,-60.12629900967337,-0.20042099669891122
683,1,-52.02208726259399,-0.17340695754197996
684,2,-66.56835219194915,-0.22189450730649715
685,3,-65.677404806711,-0.21892468268903664
686,0,-65.50494228693533,-0.2183498076231178
687,1,-64.28179497148219,-0.2142726499049406
688,2,-72.61096389310805,-0.24203654631036017
689,3,-56.79867813665746,-0.18932892712219151
690,0,-45.112964987914424,-0.19197006377835926
691,1,-63.08630925742385,-0.21028769752474616
692,2,-54.97879479832104,-0.1832626493277368
693,3,9.876878862876639,9.876878862876639
694,0,-63.37684135533908,-0.21125613785113026
695,1,-63.462276733124206,-0.21154092244374736
696,2,-54.92889067143751,-0.18309630223812504
697,3,-19.96114374986957,-0.1766472898218546
698,0,-59.88354951087995,-0.19961183170293317
699,1,-53.40246545085482,-0.17800821816951606
700,2,-26.677468575835015,-0.10221252327906136
701,3,9.859713053271188,9.859713053271188
702,0,-52.505413478712754,-0.17501804492904252
703,1,-49.92222095715875,-0.16640740319052916
704,2,-41.7484595977793,-0.13916153199259768
705,3,-67.45367114311571,-0.22484557047705236
706,0,-56.6121257084385,-0.188707085694795
707,1,-47.36569560873883,-0.15788565202912944
708,2,-47.83106867940863,-0.15943689559802876
709,3,-48.92624371432701,-0.1630874790477567
710,0,-65.50711090929033,-0.21835703636430112
711,1,-70.97681494358044,-0.23658938314526812
712,2,-58.792227945607536,-0.19597409315202513
713,3,-45.300727889364374,-0.15100242629788124
714,0,-61.153530173834824,-0.2038451005794494
715,1,-78.93279665740012,-0.2631093221913337
716,2,-46.54767005534831,-0.15515890018449438
717,3,-70.13662162811617,-0.23378873876038725
718,0,-43.28782543840966,-0.14429275146136555
719,1,-63.07011978568555,-0.21023373261895184
720,2,-49.75491554643246,-0.1658497184881082
721,3,-55.324018584132084,-0.1844133952804403
722,0,-53.59749844792796,-0.17865832815975988
723,1,-55.44380620693834,-0.18481268735646114
724,2,-21.653272179773666,-0.09581093884855604
725,3,-51.44297101840341,-0.1714765700613447
726,0,-46.90420738424179,-0.15634735794747265
727,1,-73.00773135013003,-0.24335910450043344
728,2,-44.98670170786784,-0.14995567235955945
729,3,-48.071941626256205,-0.160239805420854
730,0,-48.360011188360126,-0.16120003729453375
731,1,-52.07569594176874,-0.17358565313922913
732,2,-67.30352333539452,-0.22434507778464838
733,3,-63.487952433264056,-0.21162650811088018
734,0,-46.38519842884862,-0.15461732809616205
735,1,-55.59537008938783,-0.18531790029795941
736,2,9.862357569525694,9.862357569525694
737,3,-58.28797758606708,-0.1942932586202236
738,0,-57.83430293535566,-0.19278100978451887
739,1,-47.56701882022205,-0.15855672940074017
740,2,-45.62052576130379,-0.15206841920434597
741,3,-54.40859459863772,-0.18136198199545905
742,0,-44.008339197030125,-0.14669446399010042
743,1,9.871276282525953,9.871276282525953
744,2,-51.69891191343232,-0.17232970637810774
745,3,-48.183524725033294,-0.1606117490834443
746,0,-53.76350149352821,-0.17921167164509402
747,1,-54.57209129922298,-0.18190697099740993
748,2,-48.4878544948664,-0.16162618164955467
749,3,-70.74957384230113,-0.23583191280767044
750,0,-49.99056625794531,-0.1666352208598177
751,1,-38.44593834754906,-0.12815312782516353
752,2,-53.91892998550448,-0.17972976661834825
753,3,-50.906438242771245,-0.16968812747590414
754,0,-60.27116862853241,-0.20090389542844136
755,1,-55.35529826668281,-0.1845176608889427
756,2,-63.668910608189364,-0.21222970202729788
757,3,-48.39127001163801,-0.16130423337212668
758,0,-57.94891616402849,-0.19316305388009497
759,1,-40.59609494130639,-0.1353203164710213
760,2,-72.00021654291157,-0.24000072180970525
761,3,-59.70151250691016,-0.19900504168970054
762,0,-66.23124863959686,-0.2207708287986562
763,1,-41.35602492779927,-0.19235360431534543
764,2,-62.335259026126394,-0.20778419675375465
765,3,-46.843430776729775,-0.15614476925576593
766,0,-55.7448945440473,-0.18581631514682434
767,1,-64.34794045944057,-0.21449313486480187
768,2,-53.88063554630686,-0.17960211848768953
769,3,-48.071637777406714,-0.1602387925913557
770,0,-58.02898956981532,-0.19342996523271774
771,1,-49.20057970174076,-0.16400193233913585
772,2,9.871978438541596,9.871978438541596
773,3,-45.01810898247829,-0.15006036327492764
774,0,-49.639379751877186,-0.16546459917292394
775,1,-57.96242650857176,-0.19320808836190587
776,2,-68.26725987687892,-0.22755753292292974
777,3,-63.8312599349058,-0.212770866449686
778,0,-39.62052874881399,-0.1320684291627133
779,1,9.87827037748618,9.87827037748618
780,2,-44.32976792156028,-0.1477658930718676
781,3,7.969172719727907,0.3794844152251384
782,0,-59.18430265792721,-0.19728100885975738
783,1,-44.98188456124807,-0.14993961520416024
784,2,-73.09770912719449,-0.24365903042398163
785,3,-62.64753173950697,-0.20882510579835656
786,0,-47.777954929755076,-0.15925984976585025
787,1,-66.78044994004068,-0.2226014998001356
788,2,-51.3176762326033,-0.17105892077534432
789,3,9.861598902958262,9.861598902958262
790,0,-72.6165223217005,-0.24205507440566834
791,1,9.850971382653364,9.850971382653364
792,2,-54.149432448746595,-0.18049810816248865
793,3,-53.79060185353187,-0.17930200617843955
794,0,-45.51779086415301,-0.15172596954717668
795,1,-45.997531680500195,-0.15332510560166732
796,2,-56.787751861143654,-0.1892925062038122
797,3,-42.67183978910897,-0.14223946596369658
798,0,-74.58723556922578,-0.24862411856408595
799,1,-38.22984822133932,-0.12743282740446438
800,2,-59.06836384758942,-0.1968945461586314
801,3,-45.503415671982786,-0.15167805223994263
802,0,-64.10968185441,-0.2136989395147
803,1,-51.20848978649021,-0.17069496595496736
804,2,-51.530148588582676,-0.17176716196194225
805,3,-70.51421144295595,-0.23504737147651986
806,0,9.85484736533587,9.85484736533587
807,1,-42.25141508224779,-0.20610446381584288
808,2,9.88392425575542,9.88392425575542
809,3,-59.70799055995738,-0.19902663519985794
810,0,-45.96154246835964,-0.1532051415611988
811,1,-66.04315536759954,-0.22014385122533178
812,2,-63.38206886369859,-0.21127356287899532
813,3,-73.20689288736978,-0.2440229762912326
814,0,-52.989201311195664,-0.1766306710373189
815,1,-56.60077067163458,-0.18866923557211526
816,2,-64.91868285250469,-0.21639560950834896
817,3,9.841600139385335,9.841600139385335
818,0,-49.7352630323535,-0.165784210107845
819,1,-45.46287925542574,-0.15154293085141912
820,2,-55.87407370883537,-0.18624691236278457
821,3,-54.78234558648212,-0.18260781862160708
822,0,-47.18989254818924,-0.15729964182729747
823,1,-47.523613882253585,-0.15841204627417863
824,2,-62.57753503374263,-0.20859178344580875
825,3,-73.13582151320013,-0.2437860717106671
826,0,-44.76115433237818,-0.14920384777459395
827,1,-62.288369762411286,-0.20762789920803762
828,2,-60.16678254333102,-0.2005559418111034
829,3,-56.37670062935059,-0.18792233543116862
830,0,-79.42536446781182,-0.26475121489270603
831,1,-71.79323082878003,-0.23931076942926674
832,2,-46.93739164869734,-0.1564579721623245
833,3,-70.10278975437214,-0.23367596584790712
834,0,-54.540371652794235,-0.18180123884264746
835,1,-58.712001769050204,-0.1957066725635007
836,2,-73.60812197418265,-0.24536040658060884
837,3,-72.14501814164036,-0.24048339380546788
838,0,9.879383502932285,9.879383502932285
839,1,-70.57460038455028,-0.23524866794850094
840,2,-57.232032959748395,-0.1907734431991613
841,3,9.861849254653752,9.861849254653752
842,0,9.872826349617698,9.872826349617698
843,1,-64.70252365819337,-0.21567507886064458
844,2,-54.6343801454177,-0.2008616917110945
845,3,-77.92232007771476,-0.25974106692571586
846,0,-48.25089797897971,-0.16083632659659902
847,1,-52.050600458976824,-0.17350200152992273
848,2,-70.23609180399316,-0.23412030601331055
849,3,-74.97726238652207,-0.24992420795507356
850,0,-64.92479365340375,-0.21641597884467917
851,1,-24.237385152194168,-0.1369343793909275
852,2,-58.60532303993015,-0.19535107679976715
853,3,-65.62868185361458,-0.21876227284538194
854,0,-42.30690193334998,-0.14102300644449992
855,1,-49.50497642935094,-0.16501658809783645
856,2,-53.35251388571874,-0.17784171295239581
857,3,-59.34673147839533,-0.19782243826131776
858,0,-53.11941390732862,-0.17706471302442875
859,1,-57.1158441739909,-0.19038614724663633
860,2,-56.66254625336966,-0.18887515417789888
861,3,9.865864228636562,9.865864228636562
862,0,-67.30807021752517,-0.22436023405841723
863,1,-77.22044818752336,-0.2574014939584112
864,2,-69.5922543041618,-0.23197418101387265
865,3,-62.53852291551557,-0.20846174305171858
866,0,-73.95708700422269,-0.24652362334740896
867,1,9.858914700712045,9.858914700712045
868,2,-52.4474938358144,-0.17482497945271466
869,3,-76.27925571370876,-0.25426418571236253
870,0,-50.73837103012445,-0.16912790343374817
871,1,-46.11737425921266,-0.1537245808640422
872,2,-57.676766007396495,-0.19225588669132165
873,3,-9.801611044471427,-0.11397222144734218
874,0,-76.97622154948665,-0.2565874051649555
875,1,-60.336973731204075,-0.20112324577068025
876,2,-52.26668598470116,-0.17422228661567055
877,3,-71.08980071164282,-0.23696600237214274
878,0,-43.83833730152604,-0.1461277910050868
879,1,-75.12772294259085,-0.2504257431419695
880,2,-55.24827029076025,-0.18416090096920085
881,3,-67.63098152595279,-0.2254366050865093
882,0,-80.31174322748886,-0.2677058107582962
883,1,-56.27044091547366,-0.18756813638491218
884,2,-49.717125921931185,-0.16572375307310394
885,3,-47.64901690751498,-0.15883005635838326
886,0,7.9235756882216855,0.3445032907922472
887,1,-14.523842260788209,-0.14523842260788208
888,2,-71.83337313044659,-0.23944457710148861
889,3,-47.26499385898341,-0.1575499795299447
890,0,-60.85149727872949,-0.20283832426243162
891,1,-50.38983677628217,-0.16796612258760724
892,2,-50.154969245560125,-0.16718323081853376
893,3,-59.49932888926548,-0.19833109629755158
894,0,-61.72999360087746,-0.20576664533625819
895,1,-56.07150475769762,-0.18690501585899205
896,2,-57.68886421553655,-0.19229621405178848
897,3,-55.85130556839163,-0.18617101856130544
898,0,9.881097743758191,9.881097743758191
899,1,-52.279986888395385,-0.17426662296131795
900,2,-73.7336416433627,-0.24577880547787567
901,3,-60.436456770812754,-0.20145485590270917
902,0,-30.159754996303025,-0.13464176337635278
903,1,9.854036930465377,9.854036930465377
904,2,-57.18845529661106,-0.19062818432203688
905,3,-46.72734698202229,-0.15575782327340762
906,0,-52.36517829814411,-0.17455059432714704
907,1,-46.40817413343644,-0.15469391377812147
908,2,-44.64456310801192,-0.14881521036003975
909,3,-63.06302234709773,-0.21021007449032575
910,0,-48.769308542482364,-0.16256436180827455
911,1,-50.931041052003565,-0.16977013684001188
912,2,-46.906623995029264,-0.15635541331676422
913,3,-60.356027067005535,-0.20118675689001844
914,0,-67.40297329386811,-0.22467657764622706
915,1,-70.55681609346667,-0.23518938697822223
916,2,-75.29766618517061,-0.25099222061723536
917,3,-54.2072419161111,-0.180690806387037
918,0,-52.97446068047034,-0.17658153560156778
919,1,-40.14823655284718,-0.13382745517615727
920,2,-47.31693120238562,-0.15772310400795206
921,3,-57.46987450760438,-0.19156624835868127
922,0,-19.366395275426125,-0.16412199385954343
923,1,-63.392456087503014,-0.21130818695834339
924,2,-63.69012031699805,-0.21230040105666015
925,3,-55.240085903728314,-0.1841336196790944
926,0,-75.73602992702588,-0.2524534330900863
927,1,-59.52848991311765,-0.19842829971039216
928,2,-48.53904023390216,-0.16453911943695648
929,3,-50.80197668086415,-0.16933992226954717
930,0,-64.60813085507822,-0.21536043618359405
931,1,-69.31826599842586,-0.23106088666141952
932,2,-58.87211282461322,-0.19624037608204406
933,3,-51.34865455235361,-0.1711621818411787
934,0,-61.19908952191752,-0.2039969650730584
935,1,-61.68592647184051,-0.20561975490613504
936,2,-47.54402636001474,-0.1584800878667158
937,3,-59.19431370147325,-0.19731437900491083
938,0,-34.90963246542951,-0.11675462363019903
939,1,-58.741868528490954,-0.19580622842830317
940,2,-67.57035943182939,-0.22523453143943128
941,3,-45.3249557093985,-0.151083185697995
942,0,9.874156489966724,9.874156489966724
943,1,-40.45839157049089,-0.13486130523496964
944,2,-68.85235095465107,-0.22950783651550358
945,3,-55.347639331125,-0.18449213110375
946,0,-55.384297634869554,-0.1846143254495652
947,1,-60.45177879503338,-0.2015059293167779
948,2,-46.00830084464514,-0.15336100281548382
949,3,-53.906374262163936,-0.1796879142072131
